{
  "run_count": 777,
  "run_distance_meters": 6229650.300000003,
  "run_distance_miles": 3870.925234132667
}
