{
  "run_count": 771,
  "run_distance_meters": 6189280.600000002,
  "run_distance_miles": 3845.840665513403
}
