{
  "run_count": 799,
  "run_distance_meters": 6416355.1000000015,
  "run_distance_miles": 3986.938218305099
}
