{
  "run_count": 788,
  "run_distance_meters": 6319021.100000003,
  "run_distance_miles": 3926.4576746798716
}
