{
  "run_count": 767,
  "run_distance_meters": 6154460.900000001,
  "run_distance_miles": 3824.204707011056
}
