{
  "run_count": 793,
  "run_distance_meters": 6356441.200000003,
  "run_distance_miles": 3949.7094468305118
}
