{
  "run_count": 774,
  "run_distance_meters": 6200834.400000002,
  "run_distance_miles": 3853.0198639942746
}
