{
  "run_count": 778,
  "run_distance_meters": 6239572.300000003,
  "run_distance_miles": 3877.0904791020457
}
