{
  "run_count": 797,
  "run_distance_meters": 6397239.300000002,
  "run_distance_miles": 3975.060210868529
}
