{
  "run_count": 794,
  "run_distance_meters": 6367774.100000002,
  "run_distance_miles": 3956.7513844150176
}
