{
  "run_count": 789,
  "run_distance_meters": 6327125.300000004,
  "run_distance_miles": 3931.4933910960012
}
