{
  "run_count": 775,
  "run_distance_meters": 6210187.100000002,
  "run_distance_miles": 3858.831362343913
}
