{
  "run_count": 770,
  "run_distance_meters": 6179000.400000002,
  "run_distance_miles": 3839.452845382965
}
