{
  "run_count": 787,
  "run_distance_meters": 6308288.000000003,
  "run_distance_miles": 3919.7884355364686
}
