{
  "run_count": 790,
  "run_distance_meters": 6338329.300000004,
  "run_distance_miles": 3938.4552339338284
}
