{
  "run_count": 768,
  "run_distance_meters": 6161045.200000002,
  "run_distance_miles": 3828.2960013521047
}
