{
  "run_count": 796,
  "run_distance_meters": 6388485.500000003,
  "run_distance_miles": 3969.6208517259224
}
