{
  "run_count": 782,
  "run_distance_meters": 6267208.700000003,
  "run_distance_miles": 3894.2629419191935
}
