{
  "run_count": 781,
  "run_distance_meters": 6259154.200000003,
  "run_distance_miles": 3889.258107651318
}
