{
  "run_count": 784,
  "run_distance_meters": 6289467.300000003,
  "run_distance_miles": 3908.0937947387274
}
