{
  "run_count": 785,
  "run_distance_meters": 6298909.400000003,
  "run_distance_miles": 3913.960843672952
}
