{
  "run_count": 795,
  "run_distance_meters": 6377665.800000003,
  "run_distance_miles": 3962.897801837272
}
