{
  "run_count": 780,
  "run_distance_meters": 6248963.800000003,
  "run_distance_miles": 3882.9260866539425
}
